{
    "sample_size": 2504,
    "snps_used": 55042,
    "mean": 2.8376307338662147e-18,
    "std": 1.000199740339553,
    "median": 0.0018594632095895382,
    "min": -3.6759134822910373,
    "max": 4.061200651557279,
    "skewness": 0.006688519838321524,
    "kurtosis": 0.16276488090860974,
    "percentile_1": -2.309088945590361,
    "percentile_5": -1.6269995428905233,
    "percentile_10": -1.2725685178342185,
    "percentile_25": -0.6678769982584252,
    "percentile_50": 0.0018594632095895382,
    "percentile_75": 0.6899618113413841,
    "percentile_90": 1.2829809828672172,
    "percentile_95": 1.6195513224895801,
    "percentile_99": 2.351383983562977,
    "shapiro_stat": 0.9995028481620838,
    "shapiro_p": 0.7970982813995009
}